metric,n,mean,sample_std,mean_percent_if_applicable,sample_std_percent_if_applicable,paper_display_if_used
eval_accuracy,10,0.8325982741999999,0.004934550153421991,83.25982742,0.49345501534219904,
eval_f1,10,0.8849557191,0.003691416907460247,88.49557191000001,0.3691416907460247,
eval_mcc,10,0.5904737401,0.012276403313869661,59.04737401,1.2276403313869662,59.05±1.23
eval_loss,10,0.31301721030000007,0.01035903606003012,31.301721030000007,1.035903606003012,
